直采,business/wayBill/getWxWayBillList
直采,business/wayBill/getWxWayBillDetail
直采,business/plans/getAllPlanByWayBill
直采,base/fourLevelAddress/getAllFourLevelAddress
直采,business/plans/getTransportStatusByPlan
直采,business/cargoReceipt/getCargoReceiptDetail
直采,business/wayBillApply/createWayBillApply
直采,business/wayBillApply/createPhotoWayBillApply
直采,base/foreignDoorAreaPrice/getMaxForeignPrice
直采,business/wayBillApply/getHistoryAlterDoorInfos
直采,base/fourLevelAddress/convert2FourLevelAddressVo
直采,business/wayBillApply/getHistoryCargoNames
飞象,track/getTrackInfoByPlan
直采,base/foreignDoorAreaPrice/getPriceList
直采,user/userSearchAddress/getAllCollectionAddressList
直采,user/userSearchAddress/confirmOrCancelCollectionAddress
直采,user/user/getSalePersonPhoneByUserId
直采,weChat/miniProgram/bindUnionId
直采,weChat/miniProgram/login
直采,weChat/miniProgram/bindPhoneNumber
直采,user/user/getSalePersonPhoneByUserId