直采,user/user/userInfo
直采,
直采,user/user/account-info
直采,user/user/updateUserName
直采,settlement/directFee/getConsumptionDirectFee
直采,settlement/directFee/directFeeTotal
直采,settlement/directFee/getUnConsumptionDirectFee
直采,settlement/directFee/directUnPayFeeTotal
直采,base/port/getPort
直采,business/cargoReceiptExpressAddress/getCargoReceiptExpressAddress
直采,business/cargoReceiptExpressAddress/confirmCargoReceipt
直采,pay/capitalAccount/getEnterpriseMerchantDetail
直采,pay/capitalAccount/updateEnterpriseMerchant
直采,user/user/updatePass
直采,customer/customerGateAddress/getAllGateAddress
直采,customer/customerGateAddress/deleteGateAddress?id=
直采,customer/customerGateAddress/createNewGateAddress
直采,pay/transactionRecords/getCustomerTransactionRecords
直采,pay/capitalAccount/getAccountCardInfo
直采,pay/capitalAccount/checkMerchantRegister
直采,base/identityAddress/getAllByParentCode?parentCode=
直采,pay/capitalAccount/recognizeIdentityCard
直采,pay/capitalAccount/merchantEnterpriseRegister
直采,pay/capitalAccount/applyPayment?customerId=
直采,pay/capitalAccount/matchPayment?customerId=
直采,pay/capitalAccount/getEnterpriseCardInfo?customerId=
直采,pay/capitalAccount/merchantRegisterSimple
直采,pay/settlementApply/customerApplyWithdraw
直采,weChat/jiYunAccount/generateQRCode
直采,customer/customer/getInvoiceInfo
直采,customer/customer/updateInvoiceInfo
直采,customer/customer/getInvoiceInfo
直采,customer/customerAuthFile/judgeTaxCertificateFile
直采,pay/capitalAccount/getEnterpriseRegisterInfo
直采,settlement/directInvoice/getInvoiceDetail
直采,settlement/directInvoice/confirmSign
直采,settlement/directFee/getInvoiceFeeParamByCustomerId
直采,settlement/directFee/getCanInvoiced
直采,settlement/directInvoice/getInvoicingList
直采,settlement/directInvoice/getFinishedList
直采,customer/customerReceiptAddress/getAllReceiptAddress
直采,settlement/directFee/getCanInvoicedPriceBySelect
直采,settlement/directInvoice/invoicingAllFee
直采,customer/customerReceiptAddress/createReceiptAddress
直采,customer/customerReceiptAddress/getAllReceiptAddress
直采,customer/customerReceiptAddress/deleteReceiptAddress?id=
直采,customer/customerReceiptAddress/createReceiptAddress
直采,user/user/account-list
直采,user/user/enableOrDisableAccount
直采,user/user/add-sub-account
直采,pay/capitalAccount/getNaturalMerchantDetail
直采,pay/capitalAccount/updateNaturalMerchant
直采,pay/capitalAccount/recognizeIdentityCard
直采,pay/capitalAccount/getWalletBalance
直采,pay/capitalAccount/checkMerchantRegister
直采,base/customerDoorArea/getDoorAreaPrice
直采,base/customerDoorAreaPrice/getCreationTime
直采,user/userSearchAddress/confirmOrCancelCollectionAddress
直采,user/userSearchAddress/getAllCollectionAddressList?userId='+$.cookie('clientUserId
直采,base/area/getAreaListVO
直采,base/shipCompany/getAllShipCompany
直采,base/areaRegionPrice/getAreaRegionPrice
直采,base/areaRegionPrice/getNewPriceMap
直采,user/userSearchAddress/getAllCollectionAddressList?userId='+$.cookie('clientUserId
直采,base/areaRegionPrice/getNewPriceMapWithoutDistance
直采,user/login/login
直采,weChat/jiYunAccount/generateLoginQRCode
直采,weChat/jiYunAccount/ScanQRCodeLogin
直采,user/user/userInfo
直采,customer/customerInvitationCode/checkCustomerInvitationCode
直采,customer/customerInvitationCode/checkCustomerInvitationCode
直采,user/login/sendVerifyCode
直采,user/login/checkVerifyCode
直采,user/login/register
直采,user/user/sendSmsVerifyCode
直采,user/login/checkVerifyCode
直采,user/user/forgetPass
直采,user/user/updatePass
直采,user/user/sendSmsVerifyCode
直采,user/login/checkVerifyCode
直采,user/user/bindUserPhoneAfterScanCode
直采,business/wayBill/customerGetWayBill
直采,base/port/getPort
直采,business/cargoReceiptExpressAddress/confirmCargoReceipt
直采,business/wayBill/getTransportationList
直采,business/cargoReceiptExpressAddress/waybillGetCargoReceiptExpressAddress
直采,settlement/directFee/getDirectFeeDetail
直采,business/cargoReceiptExpressAddress/confirmCargoReceipt
直采,settlement/directFee/sumPrice
直采,business/wayBill/getWayBillDetailZCVO
直采,customer/servicePriceRates/getServicePrice
直采,settlement/directFee/oneClickPaymentList
直采,customer/servicePriceRates/priceListByCustomer
直采,pay/directPaymentRecord/confirmOneClickPay
直采,pay/settlementApply/confirmOneClickPay
直采,pay/settlementApply/confirmPay
直采,business/containerDateInfo/updateToDoorTimeAndFlyPrice
直采,business/cargoReceiptExpressAddress/confirmCargoReceipt
直采,business/wayBill/deleteWaybill
直采,business/containers/deleteAllWaitingForDeliveryByWayBillId
直采,business/containers/cancelAllContainer
直采,business/containers/deleteAllContainer
直采,business/containers/getCancelContainerInfo
直采,business/wayBill/customerGetWayBill
直采,base/port/getPort
直采,business/wayBill/delivery-detail
直采,customer/servicePriceRates/priceListByCustomer
直采,base/customerDoorAreaPrice/getCreationTime
直采,customer/servicePriceRates/getServicePrice
直采,business/plans/plan
直采,customer/customerGateAddress/getAllGateAddress
直采,customer/customerReceiptAddress/getAllReceiptAddress
直采,business/wayBill/getHistoryWayBillList
直采,base/directFeeTemplate/getOneDirectFee
直采,base/customerDoorAreaPrice/getOneCustomerDoorAreaPrice
直采,business/wayBill/getTaxVO
直采,base/port/getPort
直采,base/shipCompany/getAllShipCompany
直采,weChat/jiYunAccount/generateQRCode
直采,settlement/serviceCharge/list
直采,customer/customerGateAddress/createNewGateAddress
直采,customer/customerReceiptAddress/createReceiptAddress
直采,business/wayBill/createWayBill
直采,business/wayBill/createWayBill
直采,customer/customer/getInvoiceInfo
直采,pay/capitalAccount/getEnterpriseRegisterInfo
直采,business/plans/allPlanList
直采,base/port/getPort
直采,business/plans/allPlanList
直采,base/port/getPort
直采,business/plans/allPlanList
直采,base/port/getPort
直采,business/plans/allPlanList
直采,base/port/getPort
直采,business/plans/allPlanList
直采,base/port/getPort
直采,business/plans/allPlanList
直采,base/port/getPort
直采,business/plans/allPlanList
直采,base/port/getPort
直采,business/plans/allPlanList
直采,base/port/getPort
直采,business/plans/planManageDetail
直采,customer/servicePriceRates/getServicePrice
直采,settlement/directFee/sumPrice
直采,customer/servicePriceRates/priceListByCustomer
直采,settlement/directFee/oneClickPaymentList
直采,pay/directPaymentRecord/confirmOneClickPay
直采,pay/settlementApply/confirmOneClickPay
直采,pay/settlementApply/confirmedPayAndPrePush
直采,pay/settlementApply/confirmOneClickPay
直采,pay/settlementApply/confirmedPayAndPrePush
直采,business/plans/cancelPlan
直采,business/plans/cancelPay
直采,business/plans/cancelPlan
直采,business/plans/confirmFinish
直采,business/plans/changeAllToPendingPayment
直采,pay/directPaymentRecord/confirmOneClickPay
直采,pay/settlementApply/confirmOneClickPay
直采,pay/settlementApply/confirmOneClickPay
直采,pay/settlementApply/confirmOneClickPay
直采,pay/capitalAccount/getAccountCardInfo
直采,settlement/directFee/oneClickPaymentList
直采,settlement/directFee/queryFeeListByPlan
直采,base/customerDoorArea/getDoorAreaPrice