直采,/weChat/jiYunAccount/weChatCallBack
飞象,/weapp/savewxgzh
直采,/pay/capitalAccount/uploadMerchantImage
直采,/pay/capitalAccount/recognizeIdentityCard
飞象,/weapp/login/${this.session.openId}
飞象,/weapp/login/${this.session.openId}
直采,/weChat/driverAccount/generateTaskQRCode
直采,/discount/invitationTask/getInvitationTaskDetail
直采,/discount/invitationTask/checkInvitationActivityPopup
直采,/discount/allowance/getInviterAllowancePopup
直采,/discount/allowance/getInviteeAllowancePopup
直采,/discount/invitationRecord/bindInvitationTask
直采,/discount/allowance/userReceiveAllowance
飞象,/dedicatedLines/updateFollow
直采,/business/plans/completed-transporting
飞象,/weapp/upload/cargoReceipt/${openId}
飞象,/weapp/container/status/next/${openId}
飞象,/weapp/container/status/complete/${openId}
飞象,/weapp/container/${containerId}/status/box-condition/${openId}
飞象,/weapp/container/${containerId}/status/discharge/${openId}
飞象,/weapp/container/${containerId}/status/containerNo/${openId}
飞象,/weapp/container/${containerId}/status/load/${openId}
飞象,/weapp/driver/verified/${openId}
飞象,/weapp/driver/update/${openId}
飞象,/weapp/user/addDriverToSupplier/${openId}
直采,/pay/capitalAccount/getAccountBalance
直采,/pay/settlementApply/applyWithdraw
直采,/pay/settlementApply/applyConfirmWithdraw
飞象,/weapp/fee/confirm/${openId}
飞象,/weapp/fee/settlement/${openId}
飞象,/weapp/fee/canSettlementList/${openId}
飞象,/weapp/user/settlementAccount/${openId}
飞象,/weapp/user/settlementAccount/${openId}
飞象,/weapp/user/settlementAccount/${openId}
飞象,/weapp/user/updateSettlementAccount/${openId}
飞象,/weapp/fee/fx-income/${openId}
直采,/settlement/directFeeApply/createDirectFeeApply
直采,/business/plans/start-transporting
直采,//plans/completed-transporting
飞象,/weapp/fee/apply/${openId}
飞象,/weapp/startTransporting
飞象,/weapp/appointPlanToDriver/${openId}
飞象,/weapp/driver/confirmFinish/${openId}
飞象,/supplierAnalyse/saveQuickViewDoorRecord
飞象,/supplierAnalyse/saveViewDoorRecord
飞象,/supplierAnalyse/saveTransportDoorRecord
飞象,/weapp/user/createSupplier/${openId}
飞象,/weapp/user/supplierInfo/${openId}
飞象,/weapp/user/add-truck/${openId}
飞象,/weapp/user/update-truck/${openId}
飞象,/weapp/trailerNumber/take/${openId}
飞象,/transportPlanQuick/takeTransportPlanQuick
直采,/pay/capitalAccount/merchantRegisterSimple
飞象,/weapp/user/verified/${openId}
飞象,/weapp/user/agree/${openId}
飞象,/weapp/createSimpleSupplierAndClearAccount
飞象,/weapp/login/${data.openid}
飞象,/weapp/login/unionId/${data.openid}
飞象,/weapp/login/phone/${openId}
飞象,/weapp/user/area/${openId}
飞象,/weapp/user/base-info/${openId}
飞象,/weapp/login/unionId/${openId}